60,pod-1-544979d8f6,ppgcc-m02,ppgcc-m03
60,pod-2-87b6cbbd5,ppgcc-m03,ppgcc-m02
60,pod-4-8555788b47,ppgcc-m02,ppgcc-m03
60,pod-5-6946b854dd,ppgcc-m03,ppgcc-m04
60,pod-6-6d864fdf,ppgcc-m04,ppgcc-m02
120,pod-1-544979d8f6,ppgcc-m03,ppgcc-m04
120,pod-2-87b6cbbd5,ppgcc-m02,ppgcc-m04
120,pod-3-7dbb66778,ppgcc-m04,ppgcc-m03
120,pod-4-8555788b47,ppgcc-m03,ppgcc-m02
120,pod-5-6946b854dd,ppgcc-m04,ppgcc-m03
180,pod-1-544979d8f6,ppgcc-m04,ppgcc-m03
180,pod-3-7dbb66778,ppgcc-m03,ppgcc-m02
180,pod-4-8555788b47,ppgcc-m02,ppgcc-m03
180,pod-5-6946b854dd,ppgcc-m03,ppgcc-m04
180,pod-6-6d864fdf,ppgcc-m02,ppgcc-m04
240,pod-2-87b6cbbd5,ppgcc-m04,ppgcc-m03
240,pod-4-8555788b47,ppgcc-m03,ppgcc-m04
300,pod-2-87b6cbbd5,ppgcc-m03,ppgcc-m04
300,pod-4-8555788b47,ppgcc-m04,ppgcc-m03
360,pod-1-544979d8f6,ppgcc-m03,ppgcc-m04
360,pod-5-6946b854dd,ppgcc-m04,ppgcc-m03
420,pod-1-544979d8f6,ppgcc-m04,ppgcc-m03
420,pod-5-6946b854dd,ppgcc-m03,ppgcc-m04
420,pod-6-6d864fdf,ppgcc-m04,ppgcc-m03
480,pod-1-544979d8f6,ppgcc-m03,ppgcc-m04
480,pod-2-87b6cbbd5,ppgcc-m04,ppgcc-m03
480,pod-4-8555788b47,ppgcc-m03,ppgcc-m04
480,pod-5-6946b854dd,ppgcc-m04,ppgcc-m03
480,pod-6-6d864fdf,ppgcc-m03,ppgcc-m04
600,pod-2-87b6cbbd5,ppgcc-m03,ppgcc-m04
600,pod-4-8555788b47,ppgcc-m04,ppgcc-m03
660,pod-6-6d864fdf,ppgcc-m04,ppgcc-m03
720,pod-6-6d864fdf,ppgcc-m03,ppgcc-m04
780,pod-6-6d864fdf,ppgcc-m04,ppgcc-m03
840,pod-1-544979d8f6,ppgcc-m04,ppgcc-m03
840,pod-5-6946b854dd,ppgcc-m03,ppgcc-m04
840,pod-6-6d864fdf,ppgcc-m03,ppgcc-m04
900,pod-1-544979d8f6,ppgcc-m03,ppgcc-m04
900,pod-2-87b6cbbd5,ppgcc-m04,ppgcc-m03
900,pod-4-8555788b47,ppgcc-m03,ppgcc-m04
900,pod-5-6946b854dd,ppgcc-m04,ppgcc-m03
