60,pod-21-977bf5c4f,ppgcc-m05,ppgcc-m03
60,pod-25-ffbb88b57,ppgcc-m05,ppgcc-m02
120,pod-22-5d65b68bb7,ppgcc-m03,ppgcc-m04
120,pod-23-5ccfb55465,ppgcc-m02,ppgcc-m04
120,pod-32-756784f9bf,ppgcc-m02,ppgcc-m05
180,pod-24-6db765669f,ppgcc-m04,ppgcc-m05
180,pod-33-84bb9c5867,ppgcc-m02,ppgcc-m05
180,pod-38-59c87cff9c,ppgcc-m04,ppgcc-m03
240,pod-22-5d65b68bb7,ppgcc-m04,ppgcc-m02
240,pod-35-5d6c4b9fbc,ppgcc-m05,ppgcc-m03
300,pod-26-559bf89f9f,ppgcc-m03,ppgcc-m04
300,pod-37-6f48dbfbc,ppgcc-m03,ppgcc-m02
360,pod-23-5ccfb55465,ppgcc-m04,ppgcc-m02
360,pod-29-cd44c45c7,ppgcc-m03,ppgcc-m02
420,pod-19-c75c9b459,ppgcc-m05,ppgcc-m03
420,pod-27-6c5d5b7585,ppgcc-m02,ppgcc-m04
480,pod-37-6f48dbfbc,ppgcc-m02,ppgcc-m03
540,pod-23-5ccfb55465,ppgcc-m02,ppgcc-m05
600,pod-04-58c4cc5f47,ppgcc-m04,ppgcc-m03
600,pod-08-6c745c4f79,ppgcc-m04,ppgcc-m03
600,pod-11-7b4cc5f9d7,ppgcc-m04,ppgcc-m03
600,pod-16-8458dd6b8f,ppgcc-m04,ppgcc-m03
600,pod-18-7c56888545,ppgcc-m04,ppgcc-m02
600,pod-30-54fc976bcc,ppgcc-m05,ppgcc-m03
