60,pod-11-7b4cc5f9d7,ppgcc-m04,ppgcc-m02
120,pod-04-58c4cc5f47,ppgcc-m04,ppgcc-m03
120,pod-08-6c745c4f79,ppgcc-m04,ppgcc-m03
120,pod-10-7bd5c6d47c,ppgcc-m05,ppgcc-m02
180,pod-03-97755bc7c,ppgcc-m02,ppgcc-m03
180,pod-07-57965589,ppgcc-m02,ppgcc-m03
240,pod-08-6c745c4f79,ppgcc-m03,ppgcc-m05
240,pod-12-547dfb86c7,ppgcc-m02,ppgcc-m04
300,pod-02-f7bb7f455,ppgcc-m03,ppgcc-m04
300,pod-03-97755bc7c,ppgcc-m03,ppgcc-m04
300,pod-07-57965589,ppgcc-m03,ppgcc-m04
300,pod-09-667477cb8f,ppgcc-m03,ppgcc-m04
300,pod-20-867654fc67,ppgcc-m02,ppgcc-m05
420,pod-18-7c56888545,ppgcc-m04,ppgcc-m02
480,pod-12-547dfb86c7,ppgcc-m04,ppgcc-m02
540,pod-01-5ddf9c6845,ppgcc-m05,ppgcc-m04
540,pod-05-8f5668c6f,ppgcc-m05,ppgcc-m04
540,pod-08-6c745c4f79,ppgcc-m05,ppgcc-m03
540,pod-11-7b4cc5f9d7,ppgcc-m02,ppgcc-m03
600,pod-18-7c56888545,ppgcc-m02,ppgcc-m04
