60,pod-04-58c4cc5f47,ppgcc-m04,ppgcc-m02
60,pod-08-6c745c4f79,ppgcc-m04,ppgcc-m02
60,pod-11-7b4cc5f9d7,ppgcc-m04,ppgcc-m05
120,pod-12-547dfb86c7,ppgcc-m02,ppgcc-m03
120,pod-18-7c56888545,ppgcc-m04,ppgcc-m05
120,pod-20-867654fc67,ppgcc-m02,ppgcc-m05
180,pod-11-7b4cc5f9d7,ppgcc-m05,ppgcc-m04
240,pod-10-7bd5c6d47c,ppgcc-m05,ppgcc-m04
240,pod-15-64d45dc56c,ppgcc-m05,ppgcc-m04
240,pod-18-7c56888545,ppgcc-m05,ppgcc-m02
240,pod-19-c75c9b459,ppgcc-m05,ppgcc-m02
300,pod-01-5ddf9c6845,ppgcc-m05,ppgcc-m02
300,pod-05-8f5668c6f,ppgcc-m05,ppgcc-m02
300,pod-20-867654fc67,ppgcc-m05,ppgcc-m02
360,pod-03-97755bc7c,ppgcc-m02,ppgcc-m03
360,pod-04-58c4cc5f47,ppgcc-m02,ppgcc-m03
360,pod-07-57965589,ppgcc-m02,ppgcc-m03
360,pod-08-6c745c4f79,ppgcc-m02,ppgcc-m03
360,pod-18-7c56888545,ppgcc-m02,ppgcc-m05
420,pod-01-5ddf9c6845,ppgcc-m02,ppgcc-m05
420,pod-11-7b4cc5f9d7,ppgcc-m04,ppgcc-m05
420,pod-12-547dfb86c7,ppgcc-m03,ppgcc-m05
420,pod-13-54f864dc6c,ppgcc-m02,ppgcc-m05
420,pod-17-7955755d7f,ppgcc-m03,ppgcc-m05
480,pod-07-57965589,ppgcc-m03,ppgcc-m02
480,pod-10-7bd5c6d47c,ppgcc-m04,ppgcc-m03
480,pod-14-748d744b89,ppgcc-m03,ppgcc-m05
540,pod-01-5ddf9c6845,ppgcc-m05,ppgcc-m02
540,pod-13-54f864dc6c,ppgcc-m05,ppgcc-m03
540,pod-17-7955755d7f,ppgcc-m05,ppgcc-m02
600,pod-11-7b4cc5f9d7,ppgcc-m05,ppgcc-m02
600,pod-12-547dfb86c7,ppgcc-m05,ppgcc-m03
600,pod-18-7c56888545,ppgcc-m05,ppgcc-m03
