60,pod-01-5ddf9c6845,ppgcc-m05,ppgcc-m03
60,pod-05-8f5668c6f,ppgcc-m05,ppgcc-m03
60,pod-10-7bd5c6d47c,ppgcc-m05,ppgcc-m03
60,pod-15-64d45dc56c,ppgcc-m05,ppgcc-m03
60,pod-19-c75c9b459,ppgcc-m05,ppgcc-m03
60,pod-21-977bf5c4f,ppgcc-m05,ppgcc-m03
60,pod-39-8959cf9c9,ppgcc-m05,ppgcc-m03
120,pod-01-5ddf9c6845,ppgcc-m03,ppgcc-m02
120,pod-25-ffbb88b57,ppgcc-m05,ppgcc-m04
120,pod-26-559bf89f9f,ppgcc-m03,ppgcc-m04
120,pod-29-cd44c45c7,ppgcc-m03,ppgcc-m04
120,pod-30-54fc976bcc,ppgcc-m05,ppgcc-m04
120,pod-35-5d6c4b9fbc,ppgcc-m05,ppgcc-m04
180,pod-19-c75c9b459,ppgcc-m03,ppgcc-m04
180,pod-21-977bf5c4f,ppgcc-m03,ppgcc-m04
180,pod-22-5d65b68bb7,ppgcc-m03,ppgcc-m04
180,pod-32-756784f9bf,ppgcc-m02,ppgcc-m05
180,pod-37-6f48dbfbc,ppgcc-m03,ppgcc-m05
180,pod-39-8959cf9c9,ppgcc-m03,ppgcc-m04
240,pod-19-c75c9b459,ppgcc-m04,ppgcc-m05
240,pod-25-ffbb88b57,ppgcc-m04,ppgcc-m03
240,pod-26-559bf89f9f,ppgcc-m04,ppgcc-m03
240,pod-29-cd44c45c7,ppgcc-m04,ppgcc-m02
240,pod-30-54fc976bcc,ppgcc-m04,ppgcc-m02
300,pod-04-58c4cc5f47,ppgcc-m04,ppgcc-m03
300,pod-08-6c745c4f79,ppgcc-m04,ppgcc-m03
300,pod-11-7b4cc5f9d7,ppgcc-m04,ppgcc-m03
300,pod-16-8458dd6b8f,ppgcc-m04,ppgcc-m02
300,pod-18-7c56888545,ppgcc-m04,ppgcc-m02
300,pod-21-977bf5c4f,ppgcc-m04,ppgcc-m03
300,pod-22-5d65b68bb7,ppgcc-m04,ppgcc-m02
300,pod-24-6db765669f,ppgcc-m04,ppgcc-m03
300,pod-28-57bf57479,ppgcc-m04,ppgcc-m03
300,pod-31-5764d9bd7f,ppgcc-m04,ppgcc-m03
300,pod-35-5d6c4b9fbc,ppgcc-m04,ppgcc-m02
300,pod-36-85dd8d89bf,ppgcc-m04,ppgcc-m03
300,pod-38-59c87cff9c,ppgcc-m04,ppgcc-m03
300,pod-39-8959cf9c9,ppgcc-m04,ppgcc-m02
360,pod-08-6c745c4f79,ppgcc-m03,ppgcc-m05
360,pod-16-8458dd6b8f,ppgcc-m02,ppgcc-m05
360,pod-25-ffbb88b57,ppgcc-m03,ppgcc-m05
360,pod-34-856f664bf7,ppgcc-m03,ppgcc-m05
420,pod-31-5764d9bd7f,ppgcc-m03,ppgcc-m05
420,pod-36-85dd8d89bf,ppgcc-m03,ppgcc-m04
420,pod-38-59c87cff9c,ppgcc-m03,ppgcc-m04
420,pod-39-8959cf9c9,ppgcc-m02,ppgcc-m05
480,pod-26-559bf89f9f,ppgcc-m03,ppgcc-m04
480,pod-28-57bf57479,ppgcc-m03,ppgcc-m02
480,pod-29-cd44c45c7,ppgcc-m02,ppgcc-m04
480,pod-30-54fc976bcc,ppgcc-m02,ppgcc-m04
480,pod-33-84bb9c5867,ppgcc-m02,ppgcc-m04
480,pod-37-6f48dbfbc,ppgcc-m05,ppgcc-m04
540,pod-31-5764d9bd7f,ppgcc-m05,ppgcc-m03
540,pod-39-8959cf9c9,ppgcc-m05,ppgcc-m04
540,pod-40-f9cf59c87,ppgcc-m02,ppgcc-m03
600,pod-30-54fc976bcc,ppgcc-m04,ppgcc-m05
600,pod-33-84bb9c5867,ppgcc-m04,ppgcc-m03
600,pod-35-5d6c4b9fbc,ppgcc-m02,ppgcc-m03
