60,pod-01-5ddf9c6845,ppgcc-m05,ppgcc-m02
60,pod-05-8f5668c6f,ppgcc-m05,ppgcc-m02
60,pod-15-64d45dc56c,ppgcc-m05,ppgcc-m02
120,pod-01-5ddf9c6845,ppgcc-m02,ppgcc-m03
120,pod-03-97755bc7c,ppgcc-m02,ppgcc-m04
120,pod-05-8f5668c6f,ppgcc-m02,ppgcc-m03
120,pod-07-57965589,ppgcc-m02,ppgcc-m04
120,pod-12-547dfb86c7,ppgcc-m02,ppgcc-m03
120,pod-13-54f864dc6c,ppgcc-m02,ppgcc-m03
120,pod-20-867654fc67,ppgcc-m02,ppgcc-m04
180,pod-13-54f864dc6c,ppgcc-m03,ppgcc-m05
180,pod-14-748d744b89,ppgcc-m03,ppgcc-m02
180,pod-20-867654fc67,ppgcc-m04,ppgcc-m05
240,pod-17-7955755d7f,ppgcc-m03,ppgcc-m02
240,pod-19-c75c9b459,ppgcc-m05,ppgcc-m04
300,pod-16-8458dd6b8f,ppgcc-m04,ppgcc-m05
300,pod-19-c75c9b459,ppgcc-m04,ppgcc-m03
360,pod-10-7bd5c6d47c,ppgcc-m05,ppgcc-m02
360,pod-18-7c56888545,ppgcc-m04,ppgcc-m03
420,pod-10-7bd5c6d47c,ppgcc-m02,ppgcc-m04
420,pod-12-547dfb86c7,ppgcc-m03,ppgcc-m02
420,pod-19-c75c9b459,ppgcc-m03,ppgcc-m04
480,pod-14-748d744b89,ppgcc-m02,ppgcc-m05
480,pod-15-64d45dc56c,ppgcc-m02,ppgcc-m03
540,pod-09-667477cb8f,ppgcc-m03,ppgcc-m02
540,pod-13-54f864dc6c,ppgcc-m05,ppgcc-m04
540,pod-20-867654fc67,ppgcc-m05,ppgcc-m02
600,pod-11-7b4cc5f9d7,ppgcc-m04,ppgcc-m03
