60,pod-05-8f5668c6f,ppgcc-m05,ppgcc-m04
60,pod-06-555c9878f5,ppgcc-m03,ppgcc-m02
120,pod-10-7bd5c6d47c,ppgcc-m05,ppgcc-m03
240,pod-08-6c745c4f79,ppgcc-m04,ppgcc-m05
300,pod-12-547dfb86c7,ppgcc-m02,ppgcc-m03
300,pod-13-54f864dc6c,ppgcc-m02,ppgcc-m03
360,pod-08-6c745c4f79,ppgcc-m05,ppgcc-m04
360,pod-09-667477cb8f,ppgcc-m03,ppgcc-m04
420,pod-11-7b4cc5f9d7,ppgcc-m04,ppgcc-m02
420,pod-16-8458dd6b8f,ppgcc-m04,ppgcc-m02
420,pod-18-7c56888545,ppgcc-m04,ppgcc-m03
480,pod-11-7b4cc5f9d7,ppgcc-m02,ppgcc-m05
