60,pod-05-8f5668c6f,ppgcc-m05,ppgcc-m03
60,pod-10-7bd5c6d47c,ppgcc-m05,ppgcc-m02
120,pod-02-f7bb7f455,ppgcc-m03,ppgcc-m04
120,pod-17-7955755d7f,ppgcc-m03,ppgcc-m02
180,pod-03-97755bc7c,ppgcc-m02,ppgcc-m05
180,pod-10-7bd5c6d47c,ppgcc-m02,ppgcc-m05
180,pod-23-5ccfb55465,ppgcc-m02,ppgcc-m05
240,pod-01-5ddf9c6845,ppgcc-m05,ppgcc-m03
240,pod-15-64d45dc56c,ppgcc-m05,ppgcc-m02
240,pod-21-977bf5c4f,ppgcc-m05,ppgcc-m02
240,pod-25-ffbb88b57,ppgcc-m05,ppgcc-m03
300,pod-07-57965589,ppgcc-m02,ppgcc-m04
300,pod-10-7bd5c6d47c,ppgcc-m05,ppgcc-m02
360,pod-01-5ddf9c6845,ppgcc-m03,ppgcc-m05
360,pod-02-f7bb7f455,ppgcc-m04,ppgcc-m05
420,pod-04-58c4cc5f47,ppgcc-m04,ppgcc-m02
420,pod-06-555c9878f5,ppgcc-m03,ppgcc-m02
480,pod-02-f7bb7f455,ppgcc-m05,ppgcc-m03
480,pod-13-54f864dc6c,ppgcc-m02,ppgcc-m04
540,pod-10-7bd5c6d47c,ppgcc-m02,ppgcc-m03
540,pod-15-64d45dc56c,ppgcc-m02,ppgcc-m03
540,pod-21-977bf5c4f,ppgcc-m02,ppgcc-m04
600,pod-12-547dfb86c7,ppgcc-m02,ppgcc-m04
600,pod-15-64d45dc56c,ppgcc-m03,ppgcc-m05
600,pod-17-7955755d7f,ppgcc-m02,ppgcc-m04
