60,pod-10-7bd5c6d47c,ppgcc-m05,ppgcc-m02
60,pod-14-748d744b89,ppgcc-m03,ppgcc-m04
180,pod-10-7bd5c6d47c,ppgcc-m02,ppgcc-m05
240,pod-12-547dfb86c7,ppgcc-m02,ppgcc-m04
240,pod-15-64d45dc56c,ppgcc-m05,ppgcc-m03
240,pod-21-977bf5c4f,ppgcc-m05,ppgcc-m03
300,pod-19-c75c9b459,ppgcc-m05,ppgcc-m02
360,pod-06-555c9878f5,ppgcc-m03,ppgcc-m02
360,pod-16-8458dd6b8f,ppgcc-m04,ppgcc-m05
420,pod-15-64d45dc56c,ppgcc-m03,ppgcc-m04
480,pod-16-8458dd6b8f,ppgcc-m05,ppgcc-m03
540,pod-08-6c745c4f79,ppgcc-m04,ppgcc-m03
600,pod-07-57965589,ppgcc-m02,ppgcc-m03
600,pod-11-7b4cc5f9d7,ppgcc-m04,ppgcc-m02
