60,pod-05-8f5668c6f,ppgcc-m05,ppgcc-m04
60,pod-06-555c9878f5,ppgcc-m03,ppgcc-m02
120,pod-10-7bd5c6d47c,ppgcc-m05,ppgcc-m02
120,pod-15-64d45dc56c,ppgcc-m05,ppgcc-m02
120,pod-19-c75c9b459,ppgcc-m05,ppgcc-m02
180,pod-12-547dfb86c7,ppgcc-m02,ppgcc-m03
180,pod-13-54f864dc6c,ppgcc-m02,ppgcc-m03
180,pod-20-867654fc67,ppgcc-m02,ppgcc-m04
240,pod-06-555c9878f5,ppgcc-m02,ppgcc-m03
240,pod-10-7bd5c6d47c,ppgcc-m02,ppgcc-m05
360,pod-09-667477cb8f,ppgcc-m03,ppgcc-m02
360,pod-12-547dfb86c7,ppgcc-m03,ppgcc-m02
360,pod-14-748d744b89,ppgcc-m03,ppgcc-m02
420,pod-06-555c9878f5,ppgcc-m03,ppgcc-m02
420,pod-11-7b4cc5f9d7,ppgcc-m04,ppgcc-m02
480,pod-07-57965589,ppgcc-m02,ppgcc-m05
540,pod-09-667477cb8f,ppgcc-m02,ppgcc-m05
540,pod-11-7b4cc5f9d7,ppgcc-m02,ppgcc-m03
540,pod-12-547dfb86c7,ppgcc-m02,ppgcc-m03
600,pod-10-7bd5c6d47c,ppgcc-m05,ppgcc-m03
