60,pod-38-59c87cff9c,ppgcc-m04,ppgcc-m05
120,pod-39-8959cf9c9,ppgcc-m05,ppgcc-m03
180,pod-22-5d65b68bb7,ppgcc-m03,ppgcc-m05
180,pod-30-54fc976bcc,ppgcc-m05,ppgcc-m04
240,pod-18-7c56888545,ppgcc-m04,ppgcc-m05
240,pod-26-559bf89f9f,ppgcc-m03,ppgcc-m02
300,pod-33-84bb9c5867,ppgcc-m02,ppgcc-m05
300,pod-36-85dd8d89bf,ppgcc-m04,ppgcc-m02
360,pod-32-756784f9bf,ppgcc-m02,ppgcc-m03
420,pod-25-ffbb88b57,ppgcc-m05,ppgcc-m04
420,pod-36-85dd8d89bf,ppgcc-m02,ppgcc-m03
480,pod-35-5d6c4b9fbc,ppgcc-m05,ppgcc-m02
480,pod-39-8959cf9c9,ppgcc-m03,ppgcc-m04
540,pod-02-f7bb7f455,ppgcc-m03,ppgcc-m05
540,pod-06-555c9878f5,ppgcc-m03,ppgcc-m05
540,pod-09-667477cb8f,ppgcc-m03,ppgcc-m05
540,pod-14-748d744b89,ppgcc-m03,ppgcc-m05
540,pod-17-7955755d7f,ppgcc-m03,ppgcc-m05
540,pod-31-5764d9bd7f,ppgcc-m04,ppgcc-m02
600,pod-24-6db765669f,ppgcc-m04,ppgcc-m02
