60,pod-01-5ddf9c6845,ppgcc-m05,ppgcc-m04
60,pod-02-f7bb7f455,ppgcc-m03,ppgcc-m02
60,pod-06-555c9878f5,ppgcc-m03,ppgcc-m02
120,pod-03-97755bc7c,ppgcc-m02,ppgcc-m05
120,pod-04-58c4cc5f47,ppgcc-m04,ppgcc-m05
120,pod-13-54f864dc6c,ppgcc-m02,ppgcc-m03
120,pod-20-867654fc67,ppgcc-m02,ppgcc-m03
180,pod-07-57965589,ppgcc-m02,ppgcc-m03
180,pod-19-c75c9b459,ppgcc-m05,ppgcc-m04
240,pod-02-f7bb7f455,ppgcc-m02,ppgcc-m04
240,pod-04-58c4cc5f47,ppgcc-m05,ppgcc-m03
240,pod-12-547dfb86c7,ppgcc-m02,ppgcc-m03
240,pod-27-6c5d5b7585,ppgcc-m02,ppgcc-m03
240,pod-32-756784f9bf,ppgcc-m02,ppgcc-m03
240,pod-40-f9cf59c87,ppgcc-m02,ppgcc-m03
300,pod-07-57965589,ppgcc-m03,ppgcc-m02
300,pod-09-667477cb8f,ppgcc-m03,ppgcc-m05
300,pod-13-54f864dc6c,ppgcc-m03,ppgcc-m02
300,pod-14-748d744b89,ppgcc-m03,ppgcc-m02
300,pod-17-7955755d7f,ppgcc-m03,ppgcc-m04
300,pod-20-867654fc67,ppgcc-m03,ppgcc-m02
300,pod-22-5d65b68bb7,ppgcc-m03,ppgcc-m02
360,pod-04-58c4cc5f47,ppgcc-m03,ppgcc-m05
360,pod-12-547dfb86c7,ppgcc-m03,ppgcc-m02
360,pod-27-6c5d5b7585,ppgcc-m03,ppgcc-m02
360,pod-32-756784f9bf,ppgcc-m03,ppgcc-m05
360,pod-40-f9cf59c87,ppgcc-m03,ppgcc-m05
420,pod-07-57965589,ppgcc-m02,ppgcc-m03
420,pod-14-748d744b89,ppgcc-m02,ppgcc-m03
480,pod-03-97755bc7c,ppgcc-m05,ppgcc-m03
480,pod-04-58c4cc5f47,ppgcc-m05,ppgcc-m03
480,pod-05-8f5668c6f,ppgcc-m05,ppgcc-m03
540,pod-01-5ddf9c6845,ppgcc-m04,ppgcc-m02
540,pod-09-667477cb8f,ppgcc-m05,ppgcc-m02
540,pod-10-7bd5c6d47c,ppgcc-m05,ppgcc-m04
540,pod-32-756784f9bf,ppgcc-m05,ppgcc-m02
540,pod-40-f9cf59c87,ppgcc-m05,ppgcc-m02
600,pod-02-f7bb7f455,ppgcc-m04,ppgcc-m02
600,pod-05-8f5668c6f,ppgcc-m03,ppgcc-m05
600,pod-11-7b4cc5f9d7,ppgcc-m04,ppgcc-m03
600,pod-16-8458dd6b8f,ppgcc-m04,ppgcc-m05
