60,pod-10-7bd5c6d47c,ppgcc-m05,ppgcc-m03
60,pod-13-54f864dc6c,ppgcc-m02,ppgcc-m04
60,pod-20-867654fc67,ppgcc-m02,ppgcc-m04
120,pod-04-58c4cc5f47,ppgcc-m04,ppgcc-m05
120,pod-10-7bd5c6d47c,ppgcc-m03,ppgcc-m02
180,pod-01-5ddf9c6845,ppgcc-m05,ppgcc-m02
180,pod-06-555c9878f5,ppgcc-m03,ppgcc-m05
240,pod-03-97755bc7c,ppgcc-m02,ppgcc-m05
240,pod-06-555c9878f5,ppgcc-m05,ppgcc-m04
300,pod-04-58c4cc5f47,ppgcc-m05,ppgcc-m03
300,pod-07-57965589,ppgcc-m02,ppgcc-m03
300,pod-10-7bd5c6d47c,ppgcc-m02,ppgcc-m03
300,pod-12-547dfb86c7,ppgcc-m02,ppgcc-m04
360,pod-02-f7bb7f455,ppgcc-m03,ppgcc-m04
360,pod-09-667477cb8f,ppgcc-m03,ppgcc-m02
360,pod-14-748d744b89,ppgcc-m03,ppgcc-m02
360,pod-17-7955755d7f,ppgcc-m03,ppgcc-m02
420,pod-08-6c745c4f79,ppgcc-m04,ppgcc-m03
420,pod-09-667477cb8f,ppgcc-m02,ppgcc-m05
480,pod-06-555c9878f5,ppgcc-m04,ppgcc-m05
480,pod-20-867654fc67,ppgcc-m04,ppgcc-m03
540,pod-05-8f5668c6f,ppgcc-m05,ppgcc-m02
540,pod-09-667477cb8f,ppgcc-m05,ppgcc-m03
540,pod-19-c75c9b459,ppgcc-m05,ppgcc-m02
600,pod-14-748d744b89,ppgcc-m02,ppgcc-m03
600,pod-17-7955755d7f,ppgcc-m02,ppgcc-m04
