60,pod-02-f7bb7f455,ppgcc-m03,ppgcc-m02
180,pod-06-555c9878f5,ppgcc-m03,ppgcc-m04
180,pod-07-57965589,ppgcc-m02,ppgcc-m05
300,pod-04-58c4cc5f47,ppgcc-m04,ppgcc-m02
300,pod-07-57965589,ppgcc-m05,ppgcc-m02
360,pod-05-8f5668c6f,ppgcc-m05,ppgcc-m02
360,pod-06-555c9878f5,ppgcc-m04,ppgcc-m02
360,pod-10-7bd5c6d47c,ppgcc-m05,ppgcc-m02
480,pod-03-97755bc7c,ppgcc-m02,ppgcc-m04
480,pod-04-58c4cc5f47,ppgcc-m02,ppgcc-m04
480,pod-06-555c9878f5,ppgcc-m02,ppgcc-m03
480,pod-10-7bd5c6d47c,ppgcc-m02,ppgcc-m05
540,pod-02-f7bb7f455,ppgcc-m02,ppgcc-m03
540,pod-05-8f5668c6f,ppgcc-m02,ppgcc-m03
540,pod-07-57965589,ppgcc-m02,ppgcc-m05
