60,pod-02-f7bb7f455,ppgcc-m03,ppgcc-m04
60,pod-06-555c9878f5,ppgcc-m03,ppgcc-m04
60,pod-17-7955755d7f,ppgcc-m03,ppgcc-m04
120,pod-04-58c4cc5f47,ppgcc-m04,ppgcc-m03
120,pod-08-6c745c4f79,ppgcc-m04,ppgcc-m03
120,pod-11-7b4cc5f9d7,ppgcc-m04,ppgcc-m02
120,pod-16-8458dd6b8f,ppgcc-m04,ppgcc-m02
120,pod-18-7c56888545,ppgcc-m04,ppgcc-m05
180,pod-02-f7bb7f455,ppgcc-m04,ppgcc-m05
180,pod-06-555c9878f5,ppgcc-m04,ppgcc-m05
180,pod-17-7955755d7f,ppgcc-m04,ppgcc-m03
240,pod-12-547dfb86c7,ppgcc-m02,ppgcc-m04
240,pod-18-7c56888545,ppgcc-m05,ppgcc-m03
300,pod-04-58c4cc5f47,ppgcc-m03,ppgcc-m04
300,pod-08-6c745c4f79,ppgcc-m03,ppgcc-m04
300,pod-09-667477cb8f,ppgcc-m03,ppgcc-m04
300,pod-16-8458dd6b8f,ppgcc-m02,ppgcc-m04
360,pod-18-7c56888545,ppgcc-m03,ppgcc-m05
420,pod-19-c75c9b459,ppgcc-m05,ppgcc-m02
480,pod-06-555c9878f5,ppgcc-m05,ppgcc-m02
480,pod-15-64d45dc56c,ppgcc-m05,ppgcc-m03
540,pod-19-c75c9b459,ppgcc-m02,ppgcc-m04
600,pod-13-54f864dc6c,ppgcc-m02,ppgcc-m05
