60,pod-05-8f5668c6f,ppgcc-m05,ppgcc-m04
60,pod-09-667477cb8f,ppgcc-m03,ppgcc-m02
120,pod-10-7bd5c6d47c,ppgcc-m05,ppgcc-m04
120,pod-14-748d744b89,ppgcc-m03,ppgcc-m02
180,pod-11-7b4cc5f9d7,ppgcc-m04,ppgcc-m02
240,pod-16-8458dd6b8f,ppgcc-m04,ppgcc-m03
300,pod-17-7955755d7f,ppgcc-m03,ppgcc-m05
420,pod-10-7bd5c6d47c,ppgcc-m04,ppgcc-m05
480,pod-18-7c56888545,ppgcc-m04,ppgcc-m03
540,pod-10-7bd5c6d47c,ppgcc-m05,ppgcc-m04
540,pod-14-748d744b89,ppgcc-m02,ppgcc-m04
600,pod-09-667477cb8f,ppgcc-m02,ppgcc-m04
