60,pod-01-5ddf9c6845,ppgcc-m05,ppgcc-m02
60,pod-04-58c4cc5f47,ppgcc-m04,ppgcc-m03
60,pod-05-8f5668c6f,ppgcc-m05,ppgcc-m04
60,pod-06-555c9878f5,ppgcc-m03,ppgcc-m05
120,pod-01-5ddf9c6845,ppgcc-m02,ppgcc-m04
120,pod-02-f7bb7f455,ppgcc-m03,ppgcc-m05
120,pod-03-97755bc7c,ppgcc-m02,ppgcc-m04
120,pod-05-8f5668c6f,ppgcc-m04,ppgcc-m02
120,pod-07-57965589,ppgcc-m02,ppgcc-m04
120,pod-08-6c745c4f79,ppgcc-m04,ppgcc-m03
120,pod-09-667477cb8f,ppgcc-m03,ppgcc-m02
180,pod-01-5ddf9c6845,ppgcc-m04,ppgcc-m02
180,pod-02-f7bb7f455,ppgcc-m05,ppgcc-m02
180,pod-03-97755bc7c,ppgcc-m04,ppgcc-m02
180,pod-05-8f5668c6f,ppgcc-m02,ppgcc-m04
180,pod-07-57965589,ppgcc-m04,ppgcc-m05
180,pod-08-6c745c4f79,ppgcc-m03,ppgcc-m02
180,pod-09-667477cb8f,ppgcc-m02,ppgcc-m04
180,pod-10-7bd5c6d47c,ppgcc-m05,ppgcc-m03
240,pod-01-5ddf9c6845,ppgcc-m02,ppgcc-m05
240,pod-04-58c4cc5f47,ppgcc-m03,ppgcc-m04
240,pod-05-8f5668c6f,ppgcc-m04,ppgcc-m03
240,pod-07-57965589,ppgcc-m05,ppgcc-m03
240,pod-10-7bd5c6d47c,ppgcc-m03,ppgcc-m05
300,pod-03-97755bc7c,ppgcc-m02,ppgcc-m04
300,pod-04-58c4cc5f47,ppgcc-m04,ppgcc-m03
300,pod-05-8f5668c6f,ppgcc-m03,ppgcc-m04
300,pod-06-555c9878f5,ppgcc-m05,ppgcc-m04
300,pod-07-57965589,ppgcc-m03,ppgcc-m05
300,pod-08-6c745c4f79,ppgcc-m02,ppgcc-m03
300,pod-09-667477cb8f,ppgcc-m04,ppgcc-m02
360,pod-01-5ddf9c6845,ppgcc-m05,ppgcc-m02
360,pod-02-f7bb7f455,ppgcc-m02,ppgcc-m05
360,pod-03-97755bc7c,ppgcc-m04,ppgcc-m03
360,pod-06-555c9878f5,ppgcc-m04,ppgcc-m05
360,pod-10-7bd5c6d47c,ppgcc-m05,ppgcc-m04
420,pod-01-5ddf9c6845,ppgcc-m02,ppgcc-m05
420,pod-02-f7bb7f455,ppgcc-m05,ppgcc-m02
420,pod-03-97755bc7c,ppgcc-m03,ppgcc-m02
420,pod-07-57965589,ppgcc-m05,ppgcc-m04
420,pod-08-6c745c4f79,ppgcc-m03,ppgcc-m02
420,pod-09-667477cb8f,ppgcc-m02,ppgcc-m03
420,pod-10-7bd5c6d47c,ppgcc-m04,ppgcc-m05
480,pod-01-5ddf9c6845,ppgcc-m05,ppgcc-m02
480,pod-02-f7bb7f455,ppgcc-m02,ppgcc-m05
480,pod-08-6c745c4f79,ppgcc-m02,ppgcc-m05
480,pod-09-667477cb8f,ppgcc-m03,ppgcc-m02
480,pod-10-7bd5c6d47c,ppgcc-m05,ppgcc-m03
540,pod-02-f7bb7f455,ppgcc-m05,ppgcc-m03
540,pod-06-555c9878f5,ppgcc-m05,ppgcc-m04
540,pod-07-57965589,ppgcc-m04,ppgcc-m03
540,pod-08-6c745c4f79,ppgcc-m05,ppgcc-m02
540,pod-09-667477cb8f,ppgcc-m02,ppgcc-m05
540,pod-10-7bd5c6d47c,ppgcc-m03,ppgcc-m05
600,pod-01-5ddf9c6845,ppgcc-m02,ppgcc-m03
600,pod-02-f7bb7f455,ppgcc-m03,ppgcc-m05
600,pod-06-555c9878f5,ppgcc-m04,ppgcc-m05
600,pod-07-57965589,ppgcc-m03,ppgcc-m04
600,pod-08-6c745c4f79,ppgcc-m02,ppgcc-m03
600,pod-09-667477cb8f,ppgcc-m05,ppgcc-m02
