60,pod-10-7bd5c6d47c,ppgcc-m05,ppgcc-m02
120,pod-05-8f5668c6f,ppgcc-m05,ppgcc-m03
240,pod-02-f7bb7f455,ppgcc-m03,ppgcc-m04
240,pod-05-8f5668c6f,ppgcc-m03,ppgcc-m02
300,pod-06-555c9878f5,ppgcc-m03,ppgcc-m02
300,pod-09-667477cb8f,ppgcc-m03,ppgcc-m02
360,pod-04-58c4cc5f47,ppgcc-m04,ppgcc-m03
360,pod-08-6c745c4f79,ppgcc-m04,ppgcc-m03
420,pod-03-97755bc7c,ppgcc-m02,ppgcc-m03
420,pod-06-555c9878f5,ppgcc-m02,ppgcc-m03
420,pod-09-667477cb8f,ppgcc-m02,ppgcc-m05
540,pod-04-58c4cc5f47,ppgcc-m03,ppgcc-m04
540,pod-06-555c9878f5,ppgcc-m03,ppgcc-m02
540,pod-08-6c745c4f79,ppgcc-m03,ppgcc-m04
600,pod-09-667477cb8f,ppgcc-m05,ppgcc-m02
