60,pod-04-58c4cc5f47,ppgcc-m04,ppgcc-m03
60,pod-08-6c745c4f79,ppgcc-m04,ppgcc-m03
60,pod-16-8458dd6b8f,ppgcc-m04,ppgcc-m05
120,pod-06-555c9878f5,ppgcc-m03,ppgcc-m02
120,pod-09-667477cb8f,ppgcc-m03,ppgcc-m02
120,pod-14-748d744b89,ppgcc-m03,ppgcc-m02
120,pod-17-7955755d7f,ppgcc-m03,ppgcc-m02
180,pod-06-555c9878f5,ppgcc-m02,ppgcc-m04
180,pod-08-6c745c4f79,ppgcc-m03,ppgcc-m04
180,pod-14-748d744b89,ppgcc-m02,ppgcc-m05
240,pod-13-54f864dc6c,ppgcc-m02,ppgcc-m03
240,pod-15-64d45dc56c,ppgcc-m05,ppgcc-m04
240,pod-16-8458dd6b8f,ppgcc-m05,ppgcc-m03
240,pod-17-7955755d7f,ppgcc-m02,ppgcc-m03
240,pod-19-c75c9b459,ppgcc-m05,ppgcc-m03
300,pod-01-5ddf9c6845,ppgcc-m05,ppgcc-m02
300,pod-05-8f5668c6f,ppgcc-m05,ppgcc-m02
300,pod-10-7bd5c6d47c,ppgcc-m05,ppgcc-m02
300,pod-17-7955755d7f,ppgcc-m03,ppgcc-m04
360,pod-16-8458dd6b8f,ppgcc-m03,ppgcc-m05
360,pod-20-867654fc67,ppgcc-m02,ppgcc-m05
420,pod-18-7c56888545,ppgcc-m04,ppgcc-m02
480,pod-07-57965589,ppgcc-m02,ppgcc-m04
480,pod-15-64d45dc56c,ppgcc-m04,ppgcc-m03
540,pod-11-7b4cc5f9d7,ppgcc-m04,ppgcc-m05
600,pod-14-748d744b89,ppgcc-m05,ppgcc-m04
600,pod-20-867654fc67,ppgcc-m05,ppgcc-m03
